/* Carga de Tablas*/
/*posicion*/
insert into posicion (cod_pos,descripcion) values
(001, 'Arquero'),(002,'Defensor'),(003,'Mediocampista'),(004, 'Delantero');

/*nacionalidad*/
insert into nacionalidad(cod_nac,descripcion) 
values
(default,'Alemán'),
(default,'Argentino'),
(default,'Brasileño'),
(default,'Colombiano'),
(default,'Coreano'),
(default,'Costarricense'),
(default,'Croata'),
(default,'Español'),
(default,'Francés'),
(default,'Holandés'),
(default,'Inglés'),
(default,'Islandés'),
(default,'Japonés'),
(default,'Noruega'),
(default,'Polaco'),
(default,'Portugués'),
(default,'Ruso'),
(default,'Senegalés'),
(default,'Serbio'),
(default,'Sueco'),
(default,'Suiza'),
(default,'Tunecino'),
(default,'Uruguayo');

/*Equipo*/
insert into equipo(cod_equipo, nombre, cod_grupo)
values
(default,'Rusia', 1),
(default,'Arabia Saudita', 1),
(default,'Egiptp', 1),
(default,'Uruguay', 1),

(default,'Portugal', 2),
(default,'España', 2),
(default,'Marruecos', 2),
(default,'Iran', 2),

(default,'Francia', 3),
(default,'Australia', 3),
(default,'Peru', 3),
(default,'Dinamarca', 3),

(default,'Argentina', 4),
(default,'Islandia', 4),
(default,'Croacia', 4),
(default,'Nigeria', 4),

(default,'Brasil', 5),
(default,'Suiza', 5),
(default,'Costa Rica', 5),
(default,'Serbia', 5),

(default,'Alemania', 6),
(default,'Mexico', 6),
(default,'Corea del Sur', 6),
(default,'Suecia', 6),

(default,'Belgica', 7),
(default,'Panama', 7),
(default,'Tunez', 7),
(default,'Inglaterra', 7),

(default,'Polonia', 8),
(default,'Senegal', 8),
(default,'Colombia', 8),
(default,'Japon', 8);



/*persona*/
insert into persona(cod_persona,nombre,tipo)
values 

(1,'Nahuel Guzmán','Participante'),
(2,'Gabriel Mercado','Participante'),
(3,'Nicolás Tagliafico','Participante'),
(4,'Cristian Ansaldi','Participante'),
(5,'Lucas Biglia','Participante'),
(6,'Federico Fazio','Participante'),
(7,'Éver Banega','Participante'),
(8,'Marcos Acuna','Participante'),
(9,'Gonzalo Higuaín','Participante'),
(10,'Lionel Messi  ','Participante'),
(11,'Ángel Di María','Participante'),
(12,'Franco Armani','Participante'),
(13,'Maximiliano Meza','Participante'),
(14,'Javier Mascherano','Participante'),
(15,'Enzo Pérez','Participante'),
(16,'Marcos Rojo','Participante'),
(17,'Nicolás Otamendi','Participante'),
(18,'Eduardo Salvio','Participante'),
(19,'Sergio Agüero','Participante'),
(20,'Giovani Lo Celso','Participante'),
(21,'Paulo Dybala','Participante'),
(22,'Cristian Pavón','Participante'),
(23,'Willy Caballero','Participante'),
(24,'Dominik Livakovic','Participante'),
(25,'Sime Vrsaljko','Participante'),
(26,'Ivan Strinic','Participante'),
(27,'Ivan PeriSic','Participante'),
(28,'Vedran corluka','Participante'),
(29,'Dejan Lovren','Participante'),
(30,'Ivan Rakitic','Participante'),
(31,'Mateo Kovacic','Participante'),
(32,'Andrej Kramaric','Participante'),
(33,'Luka Modric  ','Participante'),
(34,'Marcelo Brozovic','Participante'),
(35,'Lovre Kalinic','Participante'),
(36,'Tin Jedvaj','Participante'),
(37,'Filip Bradaric','Participante'),
(38,'Duje caleta-Car','Participante'),
(39,'Nikola Kalinic','Participante'),
(40,'Mario Mandzukic','Participante'),
(41,'Ante Rebic','Participante'),
(42,'Milan Badelj','Participante'),
(43,'Marko Pjaca','Participante'),
(44,'Domagoj Vida','Participante'),
(45,'Josip Pivaric','Participante'),
(46,'Danijel SubaSic','Participante'),
(47,'Hannes por Halldórsson','Participante'),
(48,'Birkir Már Sævarsson','Participante'),
(49,'Samúel Friojónsson','Participante'),
(50,'Albert Guomundsson','Participante'),
(51,'Sverrir Ingi Ingason','Participante'),
(52,'Ragnar Sigurosson','Participante'),
(53,'Jóhann Berg Guomundsson','Participante'),
(54,'Birkir Bjarnason','Participante'),
(55,'Bjorn Bergmann Sigurarson','Participante'),
(56,'Gylfi Sigurosson','Participante'),
(57,'Alfreo Finnbogason','Participante'),
(58,'Frederik Schram','Participante'),
(59,'Rúnar Alex Rúnarsson','Participante'),
(60,'Kári Árnason','Participante'),
(61,'Hólmar Orn Eyjólfsson','Participante'),
(62,'Ólafur Ingi Skúlason','Participante'),
(63,'Aron Gunnarsson  ','Participante'),
(64,'Horour Bjorgvin Magnússon','Participante'),
(65,'Rúrik Gíslason','Participante'),
(66,'Emil Hallfreosson','Participante'),
(67,'Arnór Ingvi Traustason','Participante'),
(68,'Jón Daoi Boovarsson','Participante'),
(69,'Ari Freyr Skúlason','Participante'),
(70,'Ikechukwu Ezenwa','Participante'),
(71,'Brian Idowu','Participante'),
(72,'Elderson Echiéjilé','Participante'),
(73,'Wilfred Ndidi','Participante'),
(74,'William Troost-Ekong','Participante'),
(75,'Leon Balogun','Participante'),
(76,'Ahmed Musa','Participante'),
(77,'Oghenekaro Etebo','Participante'),
(78,'Odion Ighalo','Participante'),
(79,'John Obi Mikel  ','Participante'),
(80,'Victor Moses','Participante'),
(81,'Shehu Abdullahi','Participante'),
(82,'Simeon Nwankwo','Participante'),
(83,'Kelechi Iheanacho','Participante'),
(84,'Joel Obi','Participante'),
(85,'Daniel Akpeyi','Participante'),
(86,'Ogenyi Onazi','Participante'),
(87,'Alex Iwobi','Participante'),
(88,'John Ogu','Participante'),
(89,'Chidozie Awaziem','Participante'),
(90,'Tyronne Ebuehi','Participante'),
(91,'Kenneth Omeruo','Participante'),
(92,'Francis Uzoho','Participante'),
(93,'Alisson','Participante'),
(94,'Thiago Silva','Participante'),
(95,'Miranda','Participante'),
(96,'Pedro Geromel','Participante'),
(97,'Casemiro','Participante'),
(98,'Filipe Luís','Participante'),
(99,'Douglas Costa','Participante'),
(100,'Renato Augusto','Participante'),
(101,'Gabriel Jesus','Participante'),
(102,'Neymar  ','Participante'),
(103,'Philippe Coutinho','Participante'),
(104,'Marcelo','Participante'),
(105,'Marquinhos','Participante'),
(106,'Danilo','Participante'),
(107,'Paulinho','Participante'),
(108,'Cássio','Participante'),
(109,'Fernandinho','Participante'),
(110,'Fred','Participante'),
(111,'Willian','Participante'),
(112,'Roberto Firmino','Participante'),
(113,'Taison','Participante'),
(114,'Fagner','Participante'),
(115,'Ederson','Participante'),
(116,'Adam Nawalka','Participante'),
(117,'Age Hareide ','Participante'),
(118,'Akira Nishino','Participante'),
(119,'Aliou Cissé','Participante'),
(120,'Bert van Marwijk ','Participante'),
(121,'Carlos Queiroz ','Participante'),
(122,'Didier Deschamps','Participante'),
(123,'Fernando Hierro','Participante'),
(124,'Fernando Santos','Participante'),
(125,'Gareth Southgate','Participante'),
(126,'Gernot Rohr ','Participante'),
(127,'Héctor Cúper ','Participante'),
(128,'Heimir Hallgrímsson','Participante'),
(129,'Hernán Darío Gomez','Participante'),
(130,'Hervé Renard','Participante'),
(131,'Janne Andersson','Participante'),
(132,'Joachim Low','Participante'),
(133,'Jorge Sampaoli','Participante'),
(134,'José Pekerman','Participante'),
(135,'Juan Antonio Pizzi','Participante'),
(136,'Juan Carlos Osorio ','Participante'),
(137,'Mladen Krstajic','Participante'),
(138,'Nabil Ma aloul','Participante'),
(139,'Óscar Ramírez','Participante'),
(140,'Óscar Tabárez','Participante'),
(141,'Ricardo Gareca','Participante'),
(142,'Roberto Martínez ','Participante'),
(143,'Shin Tae-yong','Participante'),
(144,'Stanislav Cherchesov','Participante'),
(145,'Tite','Participante'),
(146,'Vladimir Petkovic','Participante'),
(147,'Zlatko Dalic','Participante'),
(148,'Alireza Faghani ','Autoridad'),
(149,'Andrés Cunha ','Autoridad'),
(150,'Antonio Mateu Lahoz ','Autoridad'),
(151,'Bakary Gassama ','Autoridad'),
(152,'Bamlak Tessema Weyesa ','Autoridad'),
(153,'Bj orn Kuipers ','Autoridad'),
(154,'César Arturo Ramos ','Autoridad'),
(155,'Clément Turpin ','Autoridad'),
(156,'Cuneyt Cakir ','Autoridad'),
(157,'Damir Skomina ','Autoridad'),
(158,'Enrique Cáceres ','Autoridad'),
(159,'Felix Brych ','Autoridad'),
(160,'Gehad Grisha ','Autoridad'),
(161,'Gianluca Rocchi ','Autoridad'),
(162,'Jair Marrufo ','Autoridad'),
(163,'Janny Sikazwe ','Autoridad'),
(164,'Joel Aguilar ','Autoridad'),
(165,'Juan Pitti ','Autoridad'),
(166,'Julio Bascunán ','Autoridad'),
(167,'Malang Diedhiou ','Autoridad'),
(168,'Mark Geiger ','Autoridad'),
(169,'Matthew conger ','Autoridad'),
(170,'Mehdi acatar Charef ','Autoridad'),
(171,'Milorad Mazic','Autoridad'),
(172,'Mohammed Abdulla ','Autoridad'),
(173,'Nawaf Shukralla ','Autoridad'),
(174,'Néstor Pitana ','Autoridad'),
(175,'Norbert Hauata ','Autoridad'),
(176,'Ravshan Irmatov ','Autoridad'),
(177,'Ricardo Montero ','Autoridad'),
(178,'Ryuji Sato ','Autoridad'),
(179,'Sandro Ricci ','Autoridad'),
(180,'Sergei Karasev ','Autoridad'),
(181,'Szymon Marciniak ','Autoridad'),
(182,'Wilmar Roldán ','Autoridad'),
(183,'Christian Schiemann ','Autoridad'),
(184,'Cristian de la Cruz ','Autoridad'),
(185,'Dalibor Djurdjevic ','Autoridad'),
(186,'El Hadji Malick Samba ','Autoridad'),
(187,'Erwin Zeinstra ','Autoridad'),
(188,'Hasan Almahri ','Autoridad'),
(189,'Hiroshi Yamauchi ','Autoridad'),
(190,'Jakhongir Saidov ','Autoridad'),
(191,'Joe Fletcher ','Autoridad'),
(192,'Juan Pablo Bellati ','Autoridad'),
(193,'Juan Zorilla ','Autoridad'),
(194,'Marcelo Van Gasse ','Autoridad'),
(195,'Mark Borsch ','Autoridad'),
(196,'Marwa Range ','Autoridad'),
(197,'Mauricio Espinosa ','Autoridad'),
(198,'Mauro Tonolini ','Autoridad'),
(199,'Miguel Angel Fernandez ','Autoridad'),
(200,'Mohammadreza Mansouri ','Autoridad'),
(201,'Nicolas Danos ','Autoridad'),
(202,'Robert Vukan ','Autoridad'),
(203,'Roberto Dias Perez ','Autoridad'),
(204,'Taleb al Maari ','Autoridad'),
(205,'Tarik Ongun ','Autoridad'),
(206,'Tevita Makasini ','Autoridad'),
(207,'Tikhon Kalugin ','Autoridad'),
(208,'Tomasz Listkiewicz ','Autoridad'),
(209,'Waleed Ahmed ','Autoridad'),
(210,'Zakhele asíi Siwela ','Autoridad'),
(211,'Keylor Navas','Participante'),
(212,'Johnny Acosta','Participante'),
(213,'Giancarlo González','Participante'),
(214,'Ian Smith','Participante'),
(215,'Celso Borges','Participante'),
(216,'Óscar Duarte','Participante'),
(217,'Christian Bolaños','Participante'),
(218,'Bryan Oviedo','Participante'),
(219,'Daniel Colindres','Participante'),
(220,'Bryan Ruiz  ','Participante'),
(221,'Johan Venegas','Participante'),
(222,'Joel Campbell','Participante'),
(223,'Rodney Wallace','Participante'),
(224,'Randall Azofeifa','Participante'),
(225,'Francisco Calvo','Participante'),
(226,'Cristian Gamboa','Participante'),
(227,'Yeltsin Tejeda','Participante'),
(228,'Patrick Pemberton','Participante'),
(229,'Kendall Waston','Participante'),
(230,'David Guzmán','Participante'),
(231,'Marco Urena','Participante'),
(232,'Rónald Matarrita','Participante'),
(233,'Leonel Moreira','Participante'),
(234,'Vladimir Stojkovic','Participante'),
(235,'Antonio Rukavina','Participante'),
(236,'Dusko Tosic','Participante'),
(237,'Luka Milivojevic','Participante'),
(238,'Uros Spajic','Participante'),
(239,'Branislav Ivanovic','Participante'),
(240,'Andrija zivkovic','Participante'),
(241,'Aleksandar Prijovic','Participante'),
(242,'Aleksandar Mitrovic','Participante'),
(243,'Dusan Tadic','Participante'),
(244,'Aleksandar Kolarov  ','Participante'),
(245,'Predrag Rajkovic','Participante'),
(246,'Milos Veljkovic','Participante'),
(247,'Milan Rodic','Participante'),
(248,'Nikola Milenkovic','Participante'),
(249,'Marko Grujic','Participante'),
(250,'Filip Kostic','Participante'),
(251,'Nemanja Radonjic','Participante'),
(252,'Luka Jovic','Participante'),
(253,'Sergej Milinkovic-Savic','Participante'),
(254,'Nemanja Matic','Participante'),
(255,'Adem Ljajic','Participante'),
(256,'Marko Dmitrovic','Participante'),
(257,'Yann Sommer','Participante'),
(258,'Stephan Lichtsteiner  ','Participante'),
(259,'Francois Moubandje','Participante'),
(260,'Nico Elvedi','Participante'),
(261,'Manuel Akanji','Participante'),
(262,'Michael Lang','Participante'),
(263,'Breel Embolo','Participante'),
(264,'Remo Freuler','Participante'),
(265,'Haris Seferovic','Participante'),
(266,'Granit Xhaka','Participante'),
(267,'Valon Behrami','Participante'),
(268,'Yvon Mvogo','Participante'),
(269,'Ricardo Rodríguez','Participante'),
(270,'Steven Zuber','Participante'),
(271,'Blerim Dzemaili','Participante'),
(272,'Gelson Fernandes','Participante'),
(273,'Denis Zakaria','Participante'),
(274,'Mario Gavranovic','Participante'),
(275,'Josip Drmic','Participante'),
(276,'Johan Djourou','Participante'),
(277,'Roman Burki','Participante'),
(278,'Fabian Schar','Participante'),
(279,'Xherdan Shaqiri','Participante');


/* participante */

insert into participante (cod_participante, fecha_nac, fecha_debut, tipo) values 
(1,'19860210','20010410','Jugador'),
(2,'19870318','20020318','Jugador'),
(3,'19920831','20070831','Jugador'),
(4,'19860920','20010920','Jugador'),
(5,'19860130','20010130','Jugador'),
(6,'19870317','20020317','Jugador'),
(7,'19880629','20030629','Jugador'),
(8,'19911028','20061028','Jugador'),
(9,'19871210','20021210','Jugador'),
(10,'19870624','20020624','Jugador'),
(11,'19880214','20030214','Jugador'),
(12,'19861016','20011016','Jugador'),
(13,'19921215','20071215','Jugador'),
(14,'19840608','19990608','Jugador'),
(15,'19860222','20010222','Jugador'),
(16,'19900320','20050320','Jugador'),
(17,'19880212','20030212','Jugador'),
(18,'19900713','20050713','Jugador'),
(19,'19880602','20030602','Jugador'),
(20,'19960409','20110409','Jugador'),
(21,'19931115','20081115','Jugador'),
(22,'19960121','20110121','Jugador'),
(23,'19810928','19960928','Jugador'),
(24,'19950109','20100109','Jugador'),
(25,'19920110','20070110','Jugador'),
(26,'19870717','20020717','Jugador'),
(27,'19890202','20040202','Jugador'),
(28,'19860205','20010205','Jugador'),
(29,'19890705','20040705','Jugador'),
(30,'19880310','20030310','Jugador'),
(31,'19940506','20090506','Jugador'),
(32,'19910619','20060619','Jugador'),
(33,'19850909','20000909','Jugador'),
(34,'19921116','20071116','Jugador'),
(35,'19900403','20050403','Jugador'),
(36,'19951128','20101128','Jugador'),
(37,'19920111','20070111','Jugador'),
(38,'19960917','20110917','Jugador'),
(39,'19880105','20030105','Jugador'),
(40,'19860521','20010521','Jugador'),
(41,'19930921','20080921','Jugador'),
(42,'19890225','20040225','Jugador'),
(43,'19950506','20100506','Jugador'),
(44,'19890429','20040429','Jugador'),
(45,'19890130','20040130','Jugador'),
(46,'19841027','19991027','Jugador'),
(47,'19840427','19990427','Jugador'),
(48,'19841111','19991111','Jugador'),
(49,'19960222','20110222','Jugador'),
(50,'19970615','20120615','Jugador'),
(51,'19930805','20080805','Jugador'),
(52,'19860619','20010619','Jugador'),
(53,'19901027','20051027','Jugador'),
(54,'19880527','20030527','Jugador'),
(55,'19910226','20060226','Jugador'),
(56,'19890908','20040908','Jugador'),
(57,'19890201','20040201','Jugador'),
(58,'19950119','20100119','Jugador'),
(59,'19950218','20100218','Jugador'),
(60,'19821013','19971013','Jugador'),
(61,'19900806','20050806','Jugador'),
(62,'19830401','19980401','Jugador'),
(63,'19890422','20040422','Jugador'),
(64,'19930211','20080211','Jugador'),
(65,'19880225','20030225','Jugador'),
(66,'19840629','19990629','Jugador'),
(67,'19930430','20080430','Jugador'),
(68,'19920525','20070525','Jugador'),
(69,'19870514','20020514','Jugador'),
(70,'19881016','20031016','Jugador'),
(71,'19920518','20070518','Jugador'),
(72,'19880120','20030120','Jugador'),
(73,'19961216','20111216','Jugador'),
(74,'19930901','20080901','Jugador'),
(75,'19880628','20030628','Jugador'),
(76,'19921014','20071014','Jugador'),
(77,'19951109','20101109','Jugador'),
(78,'19890616','20040616','Jugador'),
(79,'19870422','20020422','Jugador'),
(80,'19901212','20051212','Jugador'),
(81,'19930312','20080312','Jugador'),
(82,'19920507','20070507','Jugador'),
(83,'19960310','20110310','Jugador'),
(84,'19910522','20060522','Jugador'),
(85,'19860308','20010308','Jugador'),
(86,'19921225','20071225','Jugador'),
(87,'19960503','20110503','Jugador'),
(88,'19880420','20030420','Jugador'),
(89,'19970101','20120101','Jugador'),
(90,'19951216','20101216','Jugador'),
(91,'19931017','20081017','Jugador'),
(92,'19981028','20131028','Jugador'),
(93,'19921002','20071002','Jugador'),
(94,'19840922','19990922','Jugador'),
(95,'19840907','19990907','Jugador'),
(96,'19850921','20000921','Jugador'),
(97,'19920223','20070223','Jugador'),
(98,'19850809','20000809','Jugador'),
(99,'19900914','20050914','Jugador'),
(100,'19880208','20030208','Jugador'),
(101,'19970403','20120403','Jugador'),
(102,'19920205','20070205','Jugador'),
(103,'19920612','20070612','Jugador'),
(104,'19880512','20030512','Jugador'),
(105,'19940514','20090514','Jugador'),
(106,'19910715','20060715','Jugador'),
(107,'19880725','20030725','Jugador'),
(108,'19870606','20020606','Jugador'),
(109,'19850504','20000504','Jugador'),
(110,'19930305','20080305','Jugador'),
(111,'19880809','20030809','Jugador'),
(112,'19911002','20061002','Jugador'),
(113,'19880113','20030113','Jugador'),
(114,'19890611','20040611','Jugador'),
(115,'19930817','20080817','Jugador'),
(116,'19700212','19998012','Director_tecnico'),
(117,'19700212','19998012','Director_tecnico'),
(118,'19700212','19998022','Director_tecnico'),
(119,'19700212','19998012','Director_tecnico'),
(120,'19700212','19998012','Director_tecnico'),
(121,'19700212','19998012','Director_tecnico'),
(122,'19700212','19998012','Director_tecnico'),
(123,'19700212','19998012','Director_tecnico'),
(124,'19700212','19998012','Director_tecnico'),
(125,'19700212','19998012','Director_tecnico'),
(126,'19700212','19998012','Director_tecnico'),
(127,'19700212','19998012','Director_tecnico'),
(128,'19700212','19998012','Director_tecnico'),
(129,'19700212','19998012','Director_tecnico'),
(130,'19700212','1999802','Director_tecnico'),
(131,'19700212','19998012','Director_tecnico'),
(132,'19700212','19998012','Director_tecnico'),
(133,'19700212','19998012','Director_tecnico'),
(134,'19700212','19998012','Director_tecnico'),
(135,'19700212','19998012','Director_tecnico'),
(136,'19700212','19998012','Director_tecnico'),
(137,'19700212','19998012','Director_tecnico'),
(138,'19700212','19998012','Director_tecnico'),
(139,'19700212','19998012','Director_tecnico'),
(140,'19700212','19998012','Director_tecnico'),
(141,'19700212','19998012','Director_tecnico'),
(142,'19700212','19998012','Director_tecnico'),
(143,'19700212','19998012','Director_tecnico'),
(144,'19700212','19998012','Director_tecnico'),
(145,'19700212','19998012','Director_tecnico'),
(146,'19700212','19998012','Director_tecnico'),
(147,'19700212','19998012','Director_tecnico'),
(211,'19861215','20021215','Jugador'),
(212,'19830721','19990721','Jugador'),
(213,'19880208','20040208','Jugador'),
(214,'19980306','20140306','Jugador'),
(215,'19880527','20040527','Jugador'),
(216,'19890603','20050603','Jugador'),
(217,'19840517','20000517','Jugador'),
(218,'19900218','20060218','Jugador'),
(219,'19850110','20010110','Jugador'),
(220,'19850818','20010818','Jugador'),
(221,'19881127','20041127','Jugador'),
(222,'19920626','20080626','Jugador'),
(223,'19880617','20040617','Jugador'),
(224,'19841230','20001230','Jugador'),
(225,'19920708','20080708','Jugador'),
(226,'19891024','20051024','Jugador'),
(227,'19920317','20080317','Jugador'),
(228,'19820424','19980424','Jugador'),
(229,'19880101','20040101','Jugador'),
(230,'19900218','20060218','Jugador'),
(231,'19900305','20060305','Jugador'),
(232,'19940709','20100709','Jugador'),
(233,'19900402','20060402','Jugador'),
(234,'19830728','19990728','Jugador'),
(235,'19840126','20000126','Jugador'),
(236,'19850119','20010119','Jugador'),
(237,'19910407','20070407','Jugador'),
(238,'19930213','20090213','Jugador'),
(239,'19840222','20000222','Jugador'),
(240,'19960711','20120711','Jugador'),
(241,'19900421','20060421','Jugador'),
(242,'19940916','20100916','Jugador'),
(243,'19881120','20041120','Jugador'),
(244,'19851110','20011110','Jugador'),
(245,'19951031','20111031','Jugador'),
(246,'19950926','20110926','Jugador'),
(247,'19910402','20070402','Jugador'),
(248,'19971012','20131012','Jugador'),
(249,'19960413','20120413','Jugador'),
(250,'19921101','20081101','Jugador'),
(251,'19960215','20120215','Jugador'),
(252,'19971223','20131223','Jugador'),
(253,'19950227','20110227','Jugador'),
(254,'19880801','20040801','Jugador'),
(255,'19910929','20070929','Jugador'),
(256,'19920124','20080124','Jugador'),
(257,'19881217','20041217','Jugador'),
(258,'19840116','20000116','Jugador'),
(259,'19900621','20060621','Jugador'),
(260,'19960930','20120930','Jugador'),
(261,'19950719','20110719','Jugador'),
(262,'19910208','20070208','Jugador'),
(263,'19970214','20130214','Jugador'),
(264,'19920415','20080415','Jugador'),
(265,'19920222','20080222','Jugador'),
(266,'19920927','20080927','Jugador'),
(267,'19850419','20010419','Jugador'),
(268,'19940607','20100607','Jugador'),
(269,'19920825','20080825','Jugador'),
(270,'19910817','20070817','Jugador'),
(271,'19860412','20020412','Jugador'),
(272,'19860902','20020902','Jugador'),
(273,'19961120','20121120','Jugador'),
(274,'19891124','20051124','Jugador'),
(275,'19920808','20080808','Jugador'),
(276,'19870118','20030118','Jugador'),
(277,'19901114','20061114','Jugador'),
(278,'19911220','20071220','Jugador'),
(279,'19911010','20071010','Jugador');


insert into tipo (cod_tipo, descripcion) values (001,'Arbitro'),(002,'Auxiliar');

insert into autoridad (cod_autoridad,cod_tipo) values 
(148,001),
(149,001),
(150,001),
(151,001),
(152,001),
(153,001),
(154,001),
(155,001),
(156,001),
(157,001),
(158,001),
(159,001),
(160,001),
(161,001),
(162,001),
(163,001),
(164,001),
(165,001),
(166,001),
(167,001),
(168,001),
(169,001),
(170,001),
(171,001),
(172,001),
(173,001),
(174,001),
(175,001),
(176,001),
(177,001),
(178,001),
(179,001),
(180,001),
(181,001),
(182,001),
(183,002),
(184,002),
(185,002),
(186,002),
(187,002),
(188,002),
(189,002),
(190,002),
(191,002),
(192,002),
(193,002),
(194,002),
(195,002),
(196,002),
(197,002),
(198,002),
(199,002),
(200,002),
(201,002),
(202,002),
(203,002),
(204,002),
(205,002),
(206,002),
(207,002),
(208,002),
(209,002),
(210,002);

/*Jugador*/
insert into jugador (cod_jugador,cant_goles,cod_pos,cod_equipo) values
(1,0,001,013),
(2,3,002,013),
(3,0,002,013),
(4,0,002,013),
(5,1,003,013),
(6,1,002,013),
(7,6,003,013),
(8,0,002,013),
(9,31,004,013),
(10,64,004,013),
(11,19,003,013),
(12,0,001,013),
(13,0,003,013),
(14,3,002,013),
(15,1,003,013),
(16,2,002,013),
(17,4,002,013),
(18,0,002,013),
(19,37,004,013),
(20,0,003,013),
(21,0,004,013),
(22,0,003,013),
(23,0,001,013),
(24,0,001,015),
(25,0,002,015),
(26,0,002,015),
(27,18,004,015),
(28,4,002,015),
(29,2,002,015),
(30,14,003,015),
(31,1,003,015),
(32,9,004,015),
(33,12,003,015),
(34,6,003,015),
(35,0,001,015),
(36,0,002,015),
(37,0,003,015),
(38,0,002,015),
(39,15,004,015),
(40,30,004,015),
(41,1,004,015),
(42,1,003,015),
(43,1,004,015),
(44,2,002,015),
(45,0,002,015),
(46,0,001,015),
(47,0,001,014),
(48,1,002,014),
(49,0,003,014),
(50,3,003,014),
(51,3,002,014),
(52,3,002,014),
(53,7,003,014),
(54,9,003,014),
(55,1,004,014),
(56,19,003,014),
(57,13,004,014),
(58,0,001,014),
(59,0,001,014),
(60,5,002,014),
(61,1,002,014),
(62,1,003,014),
(63,2,003,014),
(64,2,002,014),
(65,3,003,014),
(66,1,003,014),
(67,5,003,014),
(68,2,004,014),
(69,0,002,014),
(70,0,001,016),
(71,1,002,016),
(72,3,002,016),
(73,0,003,016),
(74,1,002,016),
(75,0,002,016),
(76,13,004,016),
(77,1,003,016),
(78,4,004,016),
(79,6,003,016),
(80,11,004,016),
(81,0,002,016),
(82,0,004,016),
(83,8,004,016),
(84,0,003,016),
(85,0,001,016),
(86,1,003,016),
(87,5,004,016),
(88,2,003,016),
(89,0,002,016),
(90,0,002,016),
(91,0,002,016),
(92,0,001,016),
(93,0,001,017),
(94,5,002,017),
(95,2,002,017),
(96,0,002,017),
(97,0,003,017),
(98,2,002,017),
(99,3,004,017),
(100,5,003,017),
(101,10,004,017),
(102,55,004,017),
(103,10,003,017),
(104,6,002,017),
(105,0,002,017),
(106,0,002,017),
(107,12,003,017),
(108,0,001,017),
(109,2,003,017),
(110,0,003,017),
(111,8,003,017),
(112,6,004,017),
(113,1,004,017),
(114,0,002,017),
(115,0,001,017),
(211,0,001,019),
(212,2,002,019),
(213,2,002,019),
(214,0,002,019),
(215,21,003,019),
(216,2,002,019),
(217,6,003,019),
(218,1,002,019),
(219,0,003,019),
(220,24,003,019),
(221,10,004,019),
(222,15,004,019),
(223,4,003,019),
(224,3,003,019),
(225,4,002,019),
(226,3,002,019),
(227,0,003,019),
(228,0,001,019),
(229,3,002,019),
(230,0,003,019),
(231,15,004,019),
(232,2,002,019),
(233,0,001,019),
(234,0,001,020),
(235,0,002,020),
(236,1,002,020),
(237,1,003,020),
(238,0,002,020),
(239,13,002,020),
(240,0,003,020),
(241,1,004,020),
(242,16,004,020),
(243,13,003,020),
(244,10,002,020),
(245,0,001,020),
(246,0,002,020),
(247,0,002,020),
(248,0,002,020),
(249,0,003,020),
(250,2,003,020),
(251,0,004,020),
(252,0,004,020),
(253,0,003,020),
(254,2,003,020),
(255,6,003,020),
(256,0,001,020),
(257,0,001,018),
(258,8,002,018),
(259,0,002,018),
(260,0,002,018),
(261,0,002,018),
(262,2,002,018),
(263,3,004,018),
(264,0,003,018),
(265,12,004,018),
(266,9,003,018),
(267,2,003,018),
(268,0,001,018),
(269,5,002,018),
(270,3,003,018),
(271,9,003,018),
(272,2,003,018),
(273,0,003,018),
(274,5,004,018),
(275,9,004,018),
(276,2,002,018),
(277,0,001,018),
(278,7,002,018),
(279,20,003,018);

/*Director tecnico*/
insert into director_tecnico (cod_dt,anios_exp,cod_nac) values
-- (116,34,15),
-- (117,3,14),
(118,19,13),
(119,31,18),
(120,34,10),
(121,5,16),
(122,25,9),
(123,33,8),
(124,8,16),
(125,8,11),
(126,18,1),
(127,29,2),
(128,18,12),
(129,20,4),
(130,38,9),
(131,22,20),
(132,10,1),
(133,28,2),
(134,34,2),
(135,37,8),
(136,26,4),
(137,28,19),
(138,2,22),
(139,37,6),
(140,31,23),
(141,21,2),
(142,29,8),
(143,36,5),
(144,15,17),
(145,11,3),
(146,29,21),
(147,21,7);

select * from director_tecnico;

/*Grupo*/
insert into grupo(cod_grupo, descripcion)
values
(default,'A'),
(default,'B'),
(default,'C'),
(default,'D'),
(default,'E'),
(default,'F'),
(default,'G'),
(default,'H');


/*Fase*/
insert into fase(cod_fase, descripcion)
values
(default,'PRIMERA RONDA'),
(default,'OCTAVOS DE FINAL'),
(default,'CUARTOS DE FINAL'),
(default,'SEMIFINAL'),
(default,'FINAL');

select * from equipo;
/*Provincia*/
insert into provincia(cod_prov, descripcion)
values
(default, 'Rostov'),
(default, 'Mordovia'),
(default, 'Tartaristan'),
(default, 'Krasnodar');
insert into provincia(cod_prov, descripcion)
values
(default, 'Mosku');
insert into provincia(cod_prov, descripcion)
values
(default, 'Leningrado');
insert into provincia(cod_prov, descripcion)
values
(default, 'Oblast de Kaliningrado');
insert into provincia(cod_prov, descripcion)
values
(default, 'Oblast de Nizhni Nóvgorod');

/*Localidad*/
insert into localidad (cod_loc, descripcion, cod_prov)
values
(default, 'Rostov del Don',1),
(default, 'Saransk', 2),
(default, 'Kazan', 3),
(default, 'Sochi', 4);
insert into localidad (cod_loc, descripcion, cod_prov)
values
(default, 'Ciudad de Mosku',5);
insert into localidad (cod_loc, descripcion, cod_prov)
values
(default, 'San Petesburgo', 6);
insert into localidad (cod_loc, descripcion, cod_prov)
values
(default, 'Kaliningrado',7);
insert into localidad (cod_loc, descripcion, cod_prov)
values
(default, 'Nizhni Nóvgorod',8);

/*Estadio*/
insert into estadio(cod_estadio, cod_loc, capacidad, descripcion)
values
(default, 1,45000 ,'Rostov Arena'),
(default, 4,48000 ,'Fisht Olympic Stadium'),
(default, 3,45379 ,'Kazan Arena'),
(default, 2,44442 ,'Mordovia Arena');
select* from estadio;
insert into estadio(cod_estadio, cod_loc, capacidad, descripcion)
values
(default,5,50000 ,'Estadio Spartak');
insert into estadio(cod_estadio, cod_loc, capacidad, descripcion)
values
(default, 6,70000 ,'Estadio Krestovski');
insert into estadio(cod_estadio, cod_loc, capacidad, descripcion)
values
(default, 7,45015 ,'Estadio Kaliningrado');
insert into estadio(cod_estadio, cod_loc, capacidad, descripcion)
values
(default, 8,55300 ,'Estadio Nizhni');

/*Partido*/
insert into partido(cod_partido, fecha_hora, cod_fase, cod_estadio, cod_equipo1, cod_equipo2, gol_equipo1, gol_equipo2)
values
/*PARTIDOS PRIMERA FASE BRASIL*/
(1,'2018-06-17 15:00:00',1 ,5, 1, 4, 5, 0),
(2,'2018-06-22 09:00:00',1 ,2, 2, 5, 6, 0),
(3,'2018-06-27 15:00:00',1 ,3, 3, 6, 1, 1);

select* from partido;



/*PARTIDOS PRIMERA FASE DE SUIZA*/
insert into partido(cod_partido, fecha_hora, cod_fase, cod_estadio, cod_equipo1, cod_equipo2, gol_equipo1, gol_equipo2)
values
(4,'2018-06-22 15:00:00',1 ,8, 20, 18, 0, 2);

insert into partido(cod_partido, fecha_hora, cod_fase, cod_estadio, cod_equipo1, cod_equipo2, gol_equipo1, gol_equipo2)
values
(5,'2018-06-27 15:00:00',1,8, 6, 7, 2, 1);

/*Autoridad_Partido*/

insert into autoridad_partido(cod_autoridad, cod_partido) values
(148,1),
(149,1),
(150,1),
(151,1),
(152,1),
(153,1),
(154,1),
(155,1),
(156,1),
(157,1),
(158,1),
(159,1),
(160,1),
(161,1),
(162,1),
(163,1),
(164,1),
(165,1),
(166,1),
(167,1),
(168,1),
(169,1),
(170,1),
(171,1),
(172,1),
(173,1),
(174,1),
(175,1),
(176,1),
(177,1),
(178,1),
(179,1),
(180,1),
(181,1),
(182,1),
(183,1),
(184,1),
(185,1),
(186,1),
(187,1),
(188,1),
(189,1),
(190,1),
(191,1),
(192,1),
(193,1),
(194,1),
(195,1),
(196,1),
(197,1),
(198,1),
(199,1),
(200,1),
(201,1),
(202,1),
(203,1),
(204,1),
(205,1),
(206,1),
(207,1),
(208,1),
(209,1),
(210,1),
(148,2),
(149,2),
(150,2),
(151,2),
(152,2),
(153,2),
(154,2),
(155,2),
(156,2),
(157,2),
(158,2),
(159,2),
(160,2),
(161,2),
(162,2),
(163,2),
(164,2),
(165,2),
(166,2),
(167,2),
(168,2),
(169,2),
(170,2),
(171,2),
(172,2),
(173,2),
(174,2),
(175,2),
(176,2),
(177,2),
(178,2),
(179,2),
(180,2),
(181,2),
(182,2),
(183,2),
(184,2),
(185,2),
(186,2),
(187,2),
(188,2),
(189,2),
(190,2),
(191,2),
(192,2),
(193,2),
(194,2),
(195,2),
(196,2),
(197,2),
(198,2),
(199,2),
(200,2),
(201,2),
(202,2),
(203,2),
(204,2),
(205,2),
(206,2),
(207,2),
(208,2),
(209,2),
(210,2),
(148,3),
(149,3),
(150,3),
(151,3),
(152,3),
(153,3),
(154,3),
(155,3),
(156,3),
(157,3),
(158,3),
(159,3),
(160,3),
(161,3),
(162,3),
(163,3),
(164,3),
(165,3),
(166,3),
(167,3),
(168,3),
(169,3),
(170,3),
(171,3),
(172,3),
(173,3),
(174,3),
(175,3),
(176,3),
(177,3),
(178,3),
(179,3),
(180,3),
(181,3),
(182,3),
(183,3),
(184,3),
(185,3),
(186,3),
(187,3),
(188,3),
(189,3),
(190,3),
(191,3),
(192,3),
(193,3),
(194,3),
(195,3),
(196,3),
(197,3),
(198,3),
(199,3),
(200,3),
(201,3),
(202,3),
(203,3),
(204,3),
(205,3),
(206,3),
(207,3),
(208,3),
(209,3),
(210,3),
(148,4),
(149,4),
(150,4),
(151,4),
(152,4),
(153,4),
(154,4),
(155,4),
(156,4),
(157,4),
(158,4),
(159,4),
(160,4),
(161,4),
(162,4),
(163,4),
(164,4),
(165,4),
(166,4),
(167,4),
(168,4),
(169,4),
(170,4),
(171,4),
(172,4),
(173,4),
(174,4),
(175,4),
(176,4),
(177,4),
(178,4),
(179,4),
(180,4),
(181,4),
(182,4),
(183,4),
(184,4),
(185,4),
(186,4),
(187,4),
(188,4),
(189,4),
(190,4),
(191,4),
(192,4),
(193,4),
(194,4),
(195,4),
(196,4),
(197,4),
(198,4),
(199,4),
(200,4),
(201,4),
(202,4),
(203,4),
(204,4),
(205,4),
(206,4),
(207,4),
(208,4),
(209,4),
(210,4),
(148,5),
(149,5),
(150,5),
(151,5),
(152,5),
(153,5),
(154,5),
(155,5),
(156,5),
(157,5),
(158,5),
(159,5),
(160,5),
(161,5),
(162,5),
(163,5),
(164,5),
(165,5),
(166,5),
(167,5),
(168,5),
(169,5),
(170,5),
(171,5),
(172,5),
(173,5),
(174,5),
(175,5),
(176,5),
(177,5),
(178,5),
(179,5),
(180,5),
(181,5),
(182,5),
(183,5),
(184,5),
(185,5),
(186,5),
(187,5),
(188,5),
(189,5),
(190,5),
(191,5),
(192,5),
(193,5),
(194,5),
(195,5),
(196,5),
(197,5),
(198,5),
(199,5),
(200,5),
(201,5),
(202,5),
(203,5),
(204,5),
(205,5),
(206,5),
(207,5),
(208,5),
(209,5),
(210,5);

